-DOCSTART-	-X-	O	
I	-X-	_	O
am	-X-	_	O
looking	-X-	_	O
for	-X-	_	O
a	-X-	_	O
black	-X-	_	B-COLOUR
gloss	-X-	_	B-TEXTURE
33	-X-	_	B-SIZE
inch	-X-	_	I-SIZE
fireclay	-X-	_	B-PRODUCT
apron	-X-	_	I-PRODUCT
sink	-X-	_	I-PRODUCT
			
Looking	-X-	_	O
for	-X-	_	O
pre	-X-	_	B-PRODUCT
workout	-X-	_	I-PRODUCT
Pump	-X-	_	I-PRODUCT
addict	-X-	_	I-PRODUCT
instead	-X-	_	O
of	-X-	_	O
Karbolyn	-X-	_	B-N-PRODUCT
Hydrate	-X-	_	I-N-PRODUCT
Wich	-X-	_	O
one	-X-	_	O
is	-X-	_	O
better?	-X-	_	O
			
i	-X-	_	O
need	-X-	_	O
a	-X-	_	O
48	-X-	_	B-SIZE
inch	-X-	_	I-SIZE
glass	-X-	_	B-MATERIAL
sliding	-X-	_	B-PRODUCT
goof	-X-	_	I-PRODUCT
and	-X-	_	O
a	-X-	_	O
shower	-X-	_	B-PRODUCT
pan	-X-	_	I-PRODUCT
system	-X-	_	I-PRODUCT
for	-X-	_	O
500.99	-X-	_	B-PRICE
or	-X-	_	I-PRICE
less	-X-	_	I-PRICE
			
Hello,	-X-	_	O
do	-X-	_	O
any	-X-	_	O
of	-X-	_	O
your	-X-	_	O
free	-X-	_	B-ATTRIBUTE
standing	-X-	_	I-ATTRIBUTE
tubs	-X-	_	B-PRODUCT
have	-X-	_	O
a	-X-	_	O
matte	-X-	_	B-TEXTURE
white	-X-	_	B-COLOUR
finish	-X-	_	O
instead	-X-	_	O
of	-X-	_	O
a	-X-	_	O
glossy	-X-	_	B-N-TEXTURE
finish?	-X-	_	O
			
I'm	-X-	_	O
looking	-X-	_	O
for	-X-	_	O
a	-X-	_	O
24	-X-	_	B-SIZE
inch	-X-	_	I-SIZE
white	-X-	_	B-COLOUR
mirror	-X-	_	B-PRODUCT
that	-X-	_	O
is	-X-	_	O
freestanding	-X-	_	B-ATTRIBUTE
and	-X-	_	O
reasonably	-X-	_	B-PRICE
priced.	-X-	_	I-PRICE
			
Does	-X-	_	O
the	-X-	_	O
linen	-X-	_	B-MATERIAL
add	-X-	_	O
cotton	-X-	_	B-MATERIAL
duvet	-X-	_	B-PRODUCT
cover	-X-	_	I-PRODUCT
come	-X-	_	O
in	-X-	_	O
King?	-X-	_	B-SIZE
I	-X-	_	O
saw	-X-	_	O
it	-X-	_	O
in	-X-	_	O
the	-X-	_	O
store	-X-	_	O
but	-X-	_	O
I	-X-	_	O
don't	-X-	_	O
see	-X-	_	O
the	-X-	_	O
king	-X-	_	B-SIZE
size	-X-	_	I-SIZE
online	-X-	_	O
?	-X-	_	O
			
Hi	-X-	_	O
there.	-X-	_	O
I'm	-X-	_	O
looking	-X-	_	O
to	-X-	_	O
buy	-X-	_	O
some	-X-	_	O
throw	-X-	_	B-PRODUCT
blankets.	-X-	_	I-PRODUCT
Your	-X-	_	O
website	-X-	_	O
states	-X-	_	O
that	-X-	_	O
the	-X-	_	O
underside	-X-	_	O
of	-X-	_	O
the	-X-	_	O
Boucle	-X-	_	B-MATERIAL
wool-like	-X-	_	I-MATERIAL
throw	-X-	_	B-PRODUCT
is	-X-	_	O
very	-X-	_	O
soft.	-X-	_	B-TEXTURE
I	-X-	_	O
would	-X-	_	O
like	-X-	_	O
to	-X-	_	O
know	-X-	_	O
if	-X-	_	O
the	-X-	_	O
wool-like	-X-	_	B-MATERIAL
top	-X-	_	O
side	-X-	_	O
is	-X-	_	O
soft	-X-	_	B-TEXTURE
as	-X-	_	O
well,	-X-	_	O
or	-X-	_	O
if	-X-	_	O
it	-X-	_	O
is	-X-	_	O
scratchy.	-X-	_	B-N-TEXTURE
I	-X-	_	O
have	-X-	_	O
hypersensitive	-X-	_	O
skin	-X-	_	O
and	-X-	_	O
need	-X-	_	O
a	-X-	_	O
blanket	-X-	_	B-PRODUCT
that	-X-	_	O
will	-X-	_	O
not	-X-	_	O
irritate	-X-	_	O
me.	-X-	_	O
Thanks.	-X-	_	O
			
Long	-X-	_	B-SIZE
Sherpa	-X-	_	B-PRODUCT
jacket	-X-	_	I-PRODUCT
dark	-X-	_	B-COLOUR
brown	-X-	_	I-COLOUR
why	-X-	_	O
can't	-X-	_	O
I	-X-	_	O
find	-X-	_	O
it?	-X-	_	O
			
Hello.	-X-	_	O
I'm	-X-	_	O
looking	-X-	_	O
for	-X-	_	O
a	-X-	_	O
soft	-X-	_	B-TEXTURE
Open	-X-	_	B-ATTRIBUTE
face	-X-	_	I-ATTRIBUTE
cardigan	-X-	_	B-PRODUCT
w	-X-	_	O
no	-X-	_	O
buttons.	-X-	_	B-N-ATTRIBUTE
			
hi	-X-	_	O
do	-X-	_	O
you	-X-	_	O
carry	-X-	_	O
any	-X-	_	O
oval	-X-	_	B-SHAPE
tubs	-X-	_	B-PRODUCT
in	-X-	_	O
a	-X-	_	O
matte	-X-	_	B-TEXTURE
white	-X-	_	B-COLOUR
finish	-X-	_	O
or	-X-	_	O
not	-X-	_	O
too	-X-	_	O
much	-X-	_	O
of	-X-	_	O
gloss?	-X-	_	B-N-TEXTURE
i	-X-	_	O
know	-X-	_	O
they	-X-	_	O
make	-X-	_	O
solid	-X-	_	O
surface	-X-	_	O
but	-X-	_	O
higher	-X-	_	B-PRICE
prices.	-X-	_	I-PRICE
thank	-X-	_	O
you	-X-	_	O
			
Do	-X-	_	O
you	-X-	_	O
not	-X-	_	O
have	-X-	_	O
alcove	-X-	_	B-ATTRIBUTE
shower	-X-	_	B-PRODUCT
walls?	-X-	_	I-PRODUCT
			
Hi	-X-	_	O
I'm	-X-	_	O
considering	-X-	_	O
a	-X-	_	O
bathtub	-X-	_	B-PRODUCT
swivel	-X-	_	I-PRODUCT
panel.	-X-	_	I-PRODUCT
I	-X-	_	O
assume	-X-	_	O
it	-X-	_	O
doesn't	-X-	_	O
matter	-X-	_	O
which	-X-	_	O
way	-X-	_	O
the	-X-	_	O
bathtub	-X-	_	B-PRODUCT
is	-X-	_	O
facing?	-X-	_	O
			
looking	-X-	_	O
for	-X-	_	O
a	-X-	_	O
alcove	-X-	_	B-ATTRIBUTE
shower	-X-	_	B-PRODUCT
base	-X-	_	I-PRODUCT
.	-X-	_	O
not	-X-	_	O
so	-X-	_	O
much	-X-	_	O
$	-X-	_	O
lol	-X-	_	O
			
Do	-X-	_	O
you	-X-	_	O
have	-X-	_	O
a	-X-	_	O
vanity	-X-	_	B-PRODUCT
tops	-X-	_	I-PRODUCT
or	-X-	_	O
wall	-X-	_	B-ATTRIBUTE
mount	-X-	_	I-ATTRIBUTE
sink	-X-	_	B-PRODUCT
without	-X-	_	O
faucet	-X-	_	B-N-ATTRIBUTE
holes?	-X-	_	I-N-ATTRIBUTE
			
Hi!!	-X-	_	O
I'm	-X-	_	O
looking	-X-	_	O
for	-X-	_	O
a	-X-	_	O
60"	-X-	_	B-SIZE
wide	-X-	_	I-SIZE
tub	-X-	_	B-PRODUCT
but	-X-	_	O
a	-X-	_	O
soaker	-X-	_	B-ATTRIBUTE
type	-X-	_	I-ATTRIBUTE
thats	-X-	_	O
deeper	-X-	_	B-ATTRIBUTE
than	-X-	_	O
a	-X-	_	O
regular	-X-	_	B-N-PRODUCT
tub	-X-	_	I-N-PRODUCT
do	-X-	_	O
you	-X-	_	O
have	-X-	_	O
this	-X-	_	O
type?	-X-	_	O
I	-X-	_	O
don't	-X-	_	O
see	-X-	_	O
anything	-X-	_	O
deep	-X-	_	O
enough	-X-	_	O
on	-X-	_	O
your	-X-	_	O
site	-X-	_	O
			
Ok	-X-	_	O
thanks.	-X-	_	O
I'm	-X-	_	O
looking	-X-	_	O
for	-X-	_	O
a	-X-	_	O
pure	-X-	_	B-COLOUR
white	-X-	_	I-COLOUR
alcove	-X-	_	B-ATTRIBUTE
bathtub,	-X-	_	B-PRODUCT
not	-X-	_	O
American	-X-	_	B-ATTRIBUTE
standard	-X-	_	I-ATTRIBUTE
or	-X-	_	O
any	-X-	_	O
off	-X-	_	B-N-COLOUR
whites.	-X-	_	I-N-COLOUR
Is	-X-	_	O
there	-X-	_	O
one	-X-	_	O
you	-X-	_	O
could	-X-	_	O
recommend	-X-	_	O
			
Hi,	-X-	_	O
Do	-X-	_	O
you	-X-	_	O
have	-X-	_	O
a	-X-	_	O
navy	-X-	_	B-COLOUR
mirror	-X-	_	B-PRODUCT
size	-X-	_	O
60x31.	-X-	_	B-SIZE
You	-X-	_	O
have	-X-	_	O
it	-X-	_	O
for	-X-	_	O
the	-X-	_	O
gold	-X-	_	B-N-COLOUR
and	-X-	_	O
black	-X-	_	B-N-COLOUR
but	-X-	_	O
i	-X-	_	O
don't	-X-	_	O
want	-X-	_	O
it	-X-	_	O
for	-X-	_	O
the	-X-	_	O
navy.	-X-	_	B-COLOUR
			
Hi,	-X-	_	O
I	-X-	_	O
am	-X-	_	O
looking	-X-	_	O
for	-X-	_	O
a	-X-	_	O
floating	-X-	_	B-ATTRIBUTE
vanity	-X-	_	B-PRODUCT
with	-X-	_	O
integrated	-X-	_	B-ATTRIBUTE
sink	-X-	_	I-ATTRIBUTE
&	-X-	_	O
counter	-X-	_	B-ATTRIBUTE
top	-X-	_	I-ATTRIBUTE
with	-X-	_	O
no	-X-	_	O
drill	-X-	_	B-N-ATTRIBUTE
holes	-X-	_	I-N-ATTRIBUTE
for	-X-	_	O
the	-X-	_	O
faucet	-X-	_	B-ATTRIBUTE
as	-X-	_	O
our	-X-	_	O
faucets	-X-	_	B-ATTRIBUTE
are	-X-	_	O
wall	-X-	_	B-ATTRIBUTE
mounted.	-X-	_	I-ATTRIBUTE
Do	-X-	_	O
you	-X-	_	O
sell	-X-	_	O
theM	-X-	_	O
			
I	-X-	_	O
am	-X-	_	O
looking	-X-	_	O
for	-X-	_	O
soaker	-X-	_	B-ATTRIBUTE
tub	-X-	_	B-PRODUCT
but	-X-	_	O
do	-X-	_	O
not	-X-	_	O
want	-X-	_	O
stand	-X-	_	B-N-ATTRIBUTE
alone.	-X-	_	I-N-ATTRIBUTE
I	-X-	_	O
am	-X-	_	O
replacing	-X-	_	O
my	-X-	_	O
oval	-X-	_	B-N-SHAPE
jacuzzi	-X-	_	B-N-PRODUCT
			
Where	-X-	_	O
is	-X-	_	O
the	-X-	_	O
mirror	-X-	_	B-PRODUCT
on	-X-	_	O
here.	-X-	_	O
I	-X-	_	O
don't	-X-	_	O
want	-X-	_	O
linen	-X-	_	B-N-MATERIAL
cabinet	-X-	_	B-N-PRODUCT
			
Hello,	-X-	_	O
I	-X-	_	O
need	-X-	_	O
a	-X-	_	O
standup	-X-	_	B-ATTRIBUTE
shower	-X-	_	B-PRODUCT
door	-X-	_	I-PRODUCT
only,	-X-	_	O
no	-X-	_	O
side	-X-	_	B-N-ATTRIBUTE
panels.	-X-	_	I-N-ATTRIBUTE
41	-X-	_	B-SIZE
inches	-X-	_	I-SIZE
wide	-X-	_	I-SIZE
			
I'm	-X-	_	O
looking	-X-	_	O
for	-X-	_	O
a	-X-	_	O
double	-X-	_	B-ATTRIBUTE
sink	-X-	_	B-PRODUCT
kitchen	-X-	_	I-PRODUCT
close	-X-	_	O
to	-X-	_	O
52	-X-	_	B-SIZE
inches	-X-	_	I-SIZE
no	-X-	_	O
bigger	-X-	_	B-N-SIZE
with	-X-	_	O
countertop	-X-	_	B-ATTRIBUTE
			
I'm	-X-	_	O
looking	-X-	_	O
for	-X-	_	O
bypass	-X-	_	O
shower	-X-	_	B-PRODUCT
doors	-X-	_	I-PRODUCT
in	-X-	_	O
chrome	-X-	_	B-MATERIAL
with	-X-	_	O
clear	-X-	_	B-MATERIAL
glass.	-X-	_	I-MATERIAL
The	-X-	_	O
opening	-X-	_	O
would	-X-	_	O
be	-X-	_	O
for	-X-	_	O
a	-X-	_	O
59"	-X-	_	B-SIZE
width	-X-	_	I-SIZE
and	-X-	_	O
the	-X-	_	O
height	-X-	_	B-SIZE
I'm	-X-	_	O
looking	-X-	_	O
for	-X-	_	O
is	-X-	_	O
76".	-X-	_	B-SIZE
I	-X-	_	O
don't	-X-	_	O
want	-X-	_	O
any	-X-	_	O
rubber	-X-	_	B-N-MATERIAL
seals	-X-	_	B-N-ATTRIBUTE
around	-X-	_	O
the	-X-	_	O
glass	-X-	_	B-MATERIAL
doors.	-X-	_	B-PRODUCT
			
I	-X-	_	O
am	-X-	_	O
looking	-X-	_	O
at	-X-	_	O
the	-X-	_	O
34"x34"	-X-	_	B-SIZE
shower	-X-	_	B-PRODUCT
kit	-X-	_	I-PRODUCT
with	-X-	_	O
door,	-X-	_	B-ATTRIBUTE
walls,	-X-	_	B-ATTRIBUTE
base	-X-	_	B-ATTRIBUTE
and	-X-	_	O
glass	-X-	_	B-MATERIAL
shelves.	-X-	_	B-ATTRIBUTE
			
Can	-X-	_	O
the	-X-	_	O
2"	-X-	_	B-N-SIZE
backsplash,	-X-	_	B-N-ATTRIBUTE
on	-X-	_	O
the	-X-	_	O
60"	-X-	_	B-SIZE
single	-X-	_	B-PRODUCT
sink	-X-	_	I-PRODUCT
countertop,	-X-	_	I-PRODUCT
be	-X-	_	O
removed?	-X-	_	O
Or	-X-	_	O
is	-X-	_	O
the	-X-	_	O
counter	-X-	_	B-PRODUCT
and	-X-	_	O
backsplash	-X-	_	B-ATTRIBUTE
one	-X-	_	O
piece?	-X-	_	O
If	-X-	_	O
so,	-X-	_	O
do	-X-	_	O
you	-X-	_	O
have	-X-	_	O
a	-X-	_	O
single	-X-	_	B-PRODUCT
sink,	-X-	_	I-PRODUCT
white	-X-	_	B-COLOUR
60"	-X-	_	B-SIZE
vanity	-X-	_	B-PRODUCT
with	-X-	_	O
no	-X-	_	O
backsplash	-X-	_	B-N-ATTRIBUTE
piece?	-X-	_	I-N-ATTRIBUTE
			
We're	-X-	_	O
looking	-X-	_	O
for	-X-	_	O
a	-X-	_	O
60	-X-	_	B-SIZE
inch	-X-	_	I-SIZE
left	-X-	_	B-ATTRIBUTE
drain	-X-	_	I-ATTRIBUTE
alcove	-X-	_	B-ATTRIBUTE
tub	-X-	_	B-PRODUCT
which	-X-	_	O
is	-X-	_	O
a	-X-	_	O
soaker	-X-	_	B-ATTRIBUTE
tub	-X-	_	B-PRODUCT
with	-X-	_	O
no	-X-	_	O
more	-X-	_	O
than	-X-	_	O
15"	-X-	_	B-N-SIZE
height.	-X-	_	I-N-SIZE
In	-X-	_	O
white.	-X-	_	B-COLOUR
			
just	-X-	_	O
need	-X-	_	O
glass	-X-	_	B-MATERIAL
doors	-X-	_	B-PRODUCT
no	-X-	_	O
end	-X-	_	B-N-PRODUCT
glass	-X-	_	I-N-PRODUCT
			
Do	-X-	_	O
you	-X-	_	O
have	-X-	_	O
Chrome	-X-	_	B-MATERIAL
column-style	-X-	_	B-SHAPE
showerhead	-X-	_	B-PRODUCT
with	-X-	_	O
body	-X-	_	B-ATTRIBUTE
jets	-X-	_	I-ATTRIBUTE
and	-X-	_	O
rain	-X-	_	B-ATTRIBUTE
showerhead	-X-	_	I-ATTRIBUTE
			
i	-X-	_	O
live	-X-	_	O
in	-X-	_	O
__location__	-X-	_	O
and	-X-	_	O
i	-X-	_	O
am	-X-	_	O
looking	-X-	_	O
for	-X-	_	O
an	-X-	_	O
acrylic	-X-	_	B-MATERIAL
(	-X-	_	O
preference	-X-	_	O
)	-X-	_	O
or	-X-	_	O
fibreglass	-X-	_	B-MATERIAL
shower	-X-	_	B-PRODUCT
base.	-X-	_	I-PRODUCT
I	-X-	_	O
need	-X-	_	O
a	-X-	_	O
50	-X-	_	B-SIZE
inch	-X-	_	I-SIZE
wide	-X-	_	I-SIZE
by	-X-	_	O
34	-X-	_	B-SIZE
inch	-X-	_	I-SIZE
deep	-X-	_	I-SIZE
with	-X-	_	O
a	-X-	_	O
5	-X-	_	B-SIZE
inch	-X-	_	I-SIZE
single	-X-	_	B-ATTRIBUTE
threshold	-X-	_	I-ATTRIBUTE
			
Looking	-X-	_	O
for	-X-	_	O
a	-X-	_	O
tub/shower	-X-	_	B-PRODUCT
righthand	-X-	_	B-ATTRIBUTE
and	-X-	_	O
one	-X-	_	O
lefthand,	-X-	_	B-ATTRIBUTE
what	-X-	_	O
are	-X-	_	O
my	-X-	_	O
options?	-X-	_	O
			
I	-X-	_	O
am	-X-	_	O
looking	-X-	_	O
for	-X-	_	O
a	-X-	_	O
freestanding	-X-	_	B-ATTRIBUTE
tub	-X-	_	B-PRODUCT
with	-X-	_	O
a	-X-	_	O
bathing	-X-	_	B-ATTRIBUTE
well	-X-	_	I-ATTRIBUTE
bottom	-X-	_	I-ATTRIBUTE
length	-X-	_	B-SIZE
of	-X-	_	I-SIZE
45	-X-	_	I-SIZE
inches	-X-	_	I-SIZE
minimum	-X-	_	O
			
I'm	-X-	_	O
looking	-X-	_	O
for	-X-	_	O
a	-X-	_	O
round	-X-	_	B-SHAPE
shower	-X-	_	B-PRODUCT
around	-X-	_	O
73	-X-	_	B-SIZE
inches	-X-	_	I-SIZE
high	-X-	_	I-SIZE
			
I'm	-X-	_	O
looking	-X-	_	O
to	-X-	_	O
buy	-X-	_	O
a	-X-	_	O
42"	-X-	_	B-SIZE
gazebo	-X-	_	B-PRODUCT
with	-X-	_	O
no	-X-	_	O
more	-X-	_	O
than	-X-	_	O
21"	-X-	_	B-N-SIZE
depth	-X-	_	I-N-SIZE
			
Do	-X-	_	O
you	-X-	_	O
have	-X-	_	O
shelves	-X-	_	B-PRODUCT
that	-X-	_	O
mount	-X-	_	O
to	-X-	_	O
a	-X-	_	O
wall,	-X-	_	O
no	-X-	_	O
screw	-X-	_	B-N-ATTRIBUTE
30	-X-	_	B-SIZE
inches	-X-	_	I-SIZE
			
__brand__	-X-	_	B-PRODUCT
bathtub	-X-	_	I-PRODUCT
58	-X-	_	B-SIZE
in.	-X-	_	I-SIZE
x	-X-	_	O
5	-X-	_	B-SIZE
in.	-X-	_	I-SIZE
4-Jet	-X-	_	B-ATTRIBUTE
High	-X-	_	I-ATTRIBUTE
Pressure	-X-	_	I-ATTRIBUTE
Shower	-X-	_	B-PRODUCT
Panel	-X-	_	I-PRODUCT
System	-X-	_	I-PRODUCT
with	-X-	_	O
Square	-X-	_	B-ATTRIBUTE
Rain	-X-	_	I-ATTRIBUTE
Shower	-X-	_	I-ATTRIBUTE
Head	-X-	_	I-ATTRIBUTE
and	-X-	_	O
Tub	-X-	_	B-ATTRIBUTE
Filler	-X-	_	I-ATTRIBUTE
in	-X-	_	O
Matte	-X-	_	B-TEXTURE
Black	-X-	_	B-COLOUR
Model	-X-	_	O
			
Yes,	-X-	_	O
I	-X-	_	O
bought	-X-	_	O
a	-X-	_	O
tub	-X-	_	B-PRODUCT
from	-X-	_	O
you,	-X-	_	O
I	-X-	_	O
am	-X-	_	O
looking	-X-	_	O
for	-X-	_	O
a	-X-	_	O
adjustable	-X-	_	B-ATTRIBUTE
screw	-X-	_	B-PRODUCT
that	-X-	_	O
attaches	-X-	_	O
to	-X-	_	O
the	-X-	_	O
plug.	-X-	_	O
			
I'm	-X-	_	O
looking	-X-	_	O
for	-X-	_	O
a	-X-	_	O
60	-X-	_	B-SIZE
inch	-X-	_	I-SIZE
white	-X-	_	B-COLOUR
bathtub	-X-	_	B-PRODUCT
that	-X-	_	O
is	-X-	_	O
freestanding	-X-	_	B-ATTRIBUTE
and	-X-	_	O
reasonably	-X-	_	B-PRICE
priced	-X-	_	I-PRICE
			
i'm	-X-	_	O
looking	-X-	_	O
for	-X-	_	O
unflavored	-X-	_	B-N-ATTRIBUTE
mass	-X-	_	B-PRODUCT
gainer	-X-	_	I-PRODUCT
protein	-X-	_	I-PRODUCT
			
Do	-X-	_	O
you	-X-	_	O
have	-X-	_	O
a	-X-	_	O
wall	-X-	_	B-ATTRIBUTE
mount	-X-	_	I-ATTRIBUTE
sink	-X-	_	B-PRODUCT
without	-X-	_	O
a	-X-	_	O
faucet	-X-	_	B-N-ATTRIBUTE
hole	-X-	_	I-N-ATTRIBUTE
			
Just	-X-	_	O
shower	-X-	_	B-PRODUCT
base	-X-	_	I-PRODUCT
without	-X-	_	O
walls	-X-	_	B-N-ATTRIBUTE
			
I'm	-X-	_	O
looking	-X-	_	O
for	-X-	_	O
a	-X-	_	O
shower	-X-	_	B-PRODUCT
unit,	-X-	_	I-PRODUCT
60"	-X-	_	B-SIZE
wide	-X-	_	I-SIZE
by	-X-	_	O
42"	-X-	_	B-SIZE
deep,	-X-	_	I-SIZE
with	-X-	_	O
no	-X-	_	O
seat	-X-	_	B-N-ATTRIBUTE
and	-X-	_	O
no	-X-	_	O
top	-X-	_	B-N-ATTRIBUTE
			
luggage	-X-	_	B-PRODUCT
without	-X-	_	O
wheels	-X-	_	B-N-ATTRIBUTE
			
I	-X-	_	O
found	-X-	_	O
a	-X-	_	O
vanity	-X-	_	B-PRODUCT
top	-X-	_	I-PRODUCT
I	-X-	_	O
love	-X-	_	O
but	-X-	_	O
it	-X-	_	O
has	-X-	_	O
only	-X-	_	O
one	-X-	_	B-N-ATTRIBUTE
hole	-X-	_	I-N-ATTRIBUTE
for	-X-	_	O
taps	-X-	_	B-ATTRIBUTE
and	-X-	_	O
that	-X-	_	O
doesn't	-X-	_	O
suit	-X-	_	O
our	-X-	_	O
needs	-X-	_	O
			
curbless	-X-	_	B-N-ATTRIBUTE
shower	-X-	_	B-PRODUCT
			
Walk	-X-	_	B-ATTRIBUTE
in	-X-	_	I-ATTRIBUTE
tubs	-X-	_	B-PRODUCT
for	-X-	_	O
seniors	-X-	_	B-ATTRIBUTE
			
I	-X-	_	O
am	-X-	_	O
looking	-X-	_	O
for	-X-	_	O
a	-X-	_	O
shower	-X-	_	B-PRODUCT
door	-X-	_	I-PRODUCT
about	-X-	_	O
30	-X-	_	B-SIZE
inches	-X-	_	I-SIZE
			
I	-X-	_	O
need	-X-	_	O
a	-X-	_	O
toilet	-X-	_	B-PRODUCT
that	-X-	_	O
is	-X-	_	O
only	-X-	_	O
28	-X-	_	B-SIZE
inches	-X-	_	I-SIZE
high	-X-	_	I-SIZE
			
Hi,	-X-	_	O
I	-X-	_	O
am	-X-	_	O
looking	-X-	_	O
for	-X-	_	O
bathroom	-X-	_	B-PRODUCT
LED	-X-	_	I-PRODUCT
mirrors	-X-	_	I-PRODUCT
that	-X-	_	O
are	-X-	_	O
24	-X-	_	B-SIZE
inch.	-X-	_	I-SIZE
That	-X-	_	O
are	-X-	_	O
hard	-X-	_	B-ATTRIBUTE
wired	-X-	_	I-ATTRIBUTE
and	-X-	_	O
can	-X-	_	O
be	-X-	_	O
turned	-X-	_	B-ATTRIBUTE
on	-X-	_	I-ATTRIBUTE
from	-X-	_	I-ATTRIBUTE
the	-X-	_	I-ATTRIBUTE
mirror	-X-	_	I-ATTRIBUTE
			
Denim	-X-	_	B-MATERIAL
skirts?	-X-	_	B-PRODUCT
			
touch	-X-	_	O
of	-X-	_	O
linen	-X-	_	B-MATERIAL
buttoned	-X-	_	B-ATTRIBUTE
skirt	-X-	_	B-PRODUCT
in	-X-	_	O
patterned	-X-	_	B-COLOUR
white	-X-	_	I-COLOUR
colour	-X-	_	I-COLOUR
			
Base	-X-	_	B-PRODUCT
cabinet	-X-	_	I-PRODUCT
42	-X-	_	B-SIZE
inches	-X-	_	I-SIZE
long	-X-	_	I-SIZE
			
Do	-X-	_	O
you	-X-	_	O
have	-X-	_	O
the	-X-	_	O
sweater	-X-	_	B-PRODUCT
in	-X-	_	O
medium?	-X-	_	B-SIZE
			
Hi.	-X-	_	O
Do	-X-	_	O
you	-X-	_	O
have	-X-	_	O
sheer	-X-	_	B-PRODUCT
curtains	-X-	_	I-PRODUCT
which	-X-	_	O
I	-X-	_	O
can	-X-	_	O
place	-X-	_	O
on	-X-	_	O
hooks	-X-	_	B-ATTRIBUTE
instead	-X-	_	O
of	-X-	_	O
a	-X-	_	O
rod	-X-	_	B-N-ATTRIBUTE
			
Looking	-X-	_	O
for	-X-	_	O
Grey	-X-	_	B-COLOUR
drapery	-X-	_	B-PRODUCT
panels	-X-	_	I-PRODUCT
10	-X-	_	B-SIZE
feet	-X-	_	I-SIZE
in	-X-	_	I-SIZE
length	-X-	_	I-SIZE
			
twik	-X-	_	O
white	-X-	_	B-COLOUR
sleeveless	-X-	_	B-N-ATTRIBUTE
button	-X-	_	B-ATTRIBUTE
closure	-X-	_	I-ATTRIBUTE
top	-X-	_	B-PRODUCT
			
Do	-X-	_	O
you	-X-	_	O
have	-X-	_	O
waterproof	-X-	_	B-ATTRIBUTE
queen	-X-	_	B-SIZE
size	-X-	_	I-SIZE
mattress	-X-	_	B-PRODUCT
protectors	-X-	_	I-PRODUCT
for	-X-	_	O
over	-X-	_	O
18	-X-	_	B-SIZE
inch	-X-	_	I-SIZE
mattresses?	-X-	_	O
			
Looking	-X-	_	O
for	-X-	_	O
Mercerized	-X-	_	O
cotton	-X-	_	B-MATERIAL
high-performance	-X-	_	B-ATTRIBUTE
T-shirt	-X-	_	B-PRODUCT
in	-X-	_	O
size	-X-	_	B-SIZE
medium	-X-	_	I-SIZE
			
Are	-X-	_	O
the	-X-	_	O
round	-X-	_	B-ATTRIBUTE
velvet	-X-	_	B-MATERIAL
floor	-X-	_	B-PRODUCT
cushions	-X-	_	I-PRODUCT
available	-X-	_	O
in	-X-	_	O
store?	-X-	_	O
			
I	-X-	_	O
would	-X-	_	O
like	-X-	_	O
the	-X-	_	O
sweater	-X-	_	B-PRODUCT
as	-X-	_	O
well	-X-	_	O
as	-X-	_	O
the	-X-	_	O
icons	-X-	_	B-PRODUCT
pencil	-X-	_	I-PRODUCT
skirt	-X-	_	I-PRODUCT
in	-X-	_	O
green	-X-	_	B-COLOUR
			
Sleeveless	-X-	_	B-N-ATTRIBUTE
sweater	-X-	_	B-PRODUCT
			
Unflavored	-X-	_	B-N-ATTRIBUTE
unsweetened	-X-	_	B-N-ATTRIBUTE
			
do	-X-	_	O
you	-X-	_	O
have	-X-	_	O
the	-X-	_	O
stainless	-X-	_	B-MATERIAL
steel	-X-	_	I-MATERIAL
shaker	-X-	_	B-PRODUCT
cups	-X-	_	I-PRODUCT
			
I	-X-	_	O
am	-X-	_	O
looking	-X-	_	O
for	-X-	_	O
flavor	-X-	_	B-PRODUCT
powders	-X-	_	I-PRODUCT
which	-X-	_	O
I	-X-	_	O
can	-X-	_	O
use	-X-	_	O
in	-X-	_	O
yoghurts	-X-	_	O
for	-X-	_	O
example	-X-	_	O
			
Hi,	-X-	_	O
do	-X-	_	O
you	-X-	_	O
sell	-X-	_	O
fingerless	-X-	_	B-N-ATTRIBUTE
gloves	-X-	_	B-PRODUCT
please	-X-	_	O
			
Need	-X-	_	O
an	-X-	_	O
inexpensive	-X-	_	B-PRICE
thermostatic	-X-	_	B-PRODUCT
shower	-X-	_	I-PRODUCT
set	-X-	_	I-PRODUCT
with	-X-	_	O
an	-X-	_	O
extra	-X-	_	B-ATTRIBUTE
outlet	-X-	_	I-ATTRIBUTE
for	-X-	_	O
bidet.	-X-	_	O
Can	-X-	_	O
you	-X-	_	O
suggest	-X-	_	O
a	-X-	_	O
couple.	-X-	_	O
			
hi,	-X-	_	O
can	-X-	_	O
I	-X-	_	O
put	-X-	_	O
a	-X-	_	O
tankless	-X-	_	B-N-ATTRIBUTE
toilet	-X-	_	B-PRODUCT
into	-X-	_	O
a	-X-	_	O
2"x	-X-	_	B-SIZE
4"	-X-	_	B-SIZE
wall?	-X-	_	O
			
I	-X-	_	O
am	-X-	_	O
looking	-X-	_	O
for	-X-	_	O
a	-X-	_	O
left	-X-	_	B-ATTRIBUTE
offset	-X-	_	I-ATTRIBUTE
vanity	-X-	_	B-PRODUCT
set	-X-	_	I-PRODUCT
up	-X-	_	O
to	-X-	_	O
48	-X-	_	B-SIZE
inches	-X-	_	I-SIZE
wide,	-X-	_	I-SIZE
white,	-X-	_	B-COLOUR
brushed	-X-	_	B-ATTRIBUTE
nickel	-X-	_	B-MATERIAL
hardware	-X-	_	B-ATTRIBUTE
			
seamless	-X-	_	B-N-ATTRIBUTE
undermount	-X-	_	B-PRODUCT
			
Touchless	-X-	_	B-N-ATTRIBUTE
kitchen	-X-	_	B-PRODUCT
faucet	-X-	_	I-PRODUCT
			
Looking	-X-	_	O
for	-X-	_	O
bowl	-X-	_	B-PRODUCT
with	-X-	_	O
pattern	-X-	_	B-ATTRIBUTE
LESS	-X-	_	O
than	-X-	_	O
5	-X-	_	B-N-SIZE
inches	-X-	_	I-N-SIZE
deep.	-X-	_	I-N-SIZE
Can	-X-	_	O
be	-X-	_	O
7	-X-	_	B-SIZE
inches	-X-	_	I-SIZE
wide	-X-	_	I-SIZE
			
Looking	-X-	_	O
shower	-X-	_	B-PRODUCT
door	-X-	_	I-PRODUCT
frameless	-X-	_	B-N-ATTRIBUTE
of	-X-	_	O
60	-X-	_	B-SIZE
inch	-X-	_	I-SIZE
standing	-X-	_	B-ATTRIBUTE
shower	-X-	_	B-PRODUCT
			
Do	-X-	_	O
you	-X-	_	O
sell	-X-	_	O
beige	-X-	_	B-COLOUR
toilets.	-X-	_	B-PRODUCT
Bone	-X-	_	B-N-COLOUR
and	-X-	_	O
buscuit	-X-	_	B-N-COLOUR
are	-X-	_	O
too	-X-	_	O
light	-X-	_	O
in	-X-	_	O
colour	-X-	_	O
			
We're	-X-	_	O
looking	-X-	_	O
for	-X-	_	O
a	-X-	_	O
shower	-X-	_	B-PRODUCT
door	-X-	_	I-PRODUCT
set	-X-	_	I-PRODUCT
greater	-X-	_	O
than	-X-	_	O
70	-X-	_	B-SIZE
inches	-X-	_	I-SIZE
wide	-X-	_	I-SIZE
			
18	-X-	_	B-SIZE
inch	-X-	_	I-SIZE
deep	-X-	_	I-SIZE
by	-X-	_	O
36	-X-	_	B-SIZE
inches	-X-	_	I-SIZE
long	-X-	_	I-SIZE
brown	-X-	_	B-COLOUR
freestanding	-X-	_	B-ATTRIBUTE
vanity	-X-	_	B-PRODUCT
			
Looking	-X-	_	O
for	-X-	_	O
a	-X-	_	O
36	-X-	_	B-SIZE
inch	-X-	_	I-SIZE
vanity	-X-	_	B-PRODUCT
with	-X-	_	O
granite	-X-	_	B-MATERIAL
top	-X-	_	B-ATTRIBUTE
			
I	-X-	_	O
am	-X-	_	O
looking	-X-	_	O
for	-X-	_	O
bathroom	-X-	_	B-PRODUCT
mirrors	-X-	_	I-PRODUCT
black	-X-	_	B-COLOUR
framed	-X-	_	B-ATTRIBUTE
in	-X-	_	O
rectangular	-X-	_	B-SHAPE
and	-X-	_	O
oval	-X-	_	B-SHAPE
			
looking	-X-	_	O
at	-X-	_	O
36	-X-	_	B-SIZE
inch	-X-	_	I-SIZE
medicine	-X-	_	B-PRODUCT
cabinet	-X-	_	I-PRODUCT
for	-X-	_	O
$399	-X-	_	B-PRICE
.	-X-	_	O
is	-X-	_	O
it	-X-	_	O
recessed	-X-	_	O
able	-X-	_	O
to	-X-	_	O
fit	-X-	_	O
into	-X-	_	O
wall	-X-	_	O
as	-X-	_	O
a	-X-	_	O
flush	-X-	_	O
mount?	-X-	_	O
			
Vessel	-X-	_	B-PRODUCT
bag	-X-	_	I-PRODUCT
in	-X-	_	O
goldish	-X-	_	B-COLOUR
color	-X-	_	O
			
Looking	-X-	_	O
for	-X-	_	O
protein	-X-	_	B-PRODUCT
powder	-X-	_	I-PRODUCT
no	-X-	_	O
carb	-X-	_	B-N-ATTRIBUTE
no	-X-	_	O
suger	-X-	_	B-N-ATTRIBUTE
			
I	-X-	_	O
am	-X-	_	O
brand	-X-	_	O
new	-X-	_	O
to	-X-	_	O
fat	-X-	_	B-PRODUCT
burners,	-X-	_	I-PRODUCT
I	-X-	_	O
want	-X-	_	O
to	-X-	_	O
know	-X-	_	O
a	-X-	_	O
good	-X-	_	O
fat	-X-	_	B-PRODUCT
burner	-X-	_	I-PRODUCT
to	-X-	_	O
see	-X-	_	O
good	-X-	_	O
results.	-X-	_	O
			
i	-X-	_	O
want	-X-	_	O
protein	-X-	_	B-PRODUCT
without	-X-	_	O
lactose	-X-	_	B-N-ATTRIBUTE
			
I'm	-X-	_	O
looking	-X-	_	O
for	-X-	_	O
whey	-X-	_	B-PRODUCT
proteine	-X-	_	I-PRODUCT
with	-X-	_	O
not	-X-	_	O
soy	-X-	_	B-N-ATTRIBUTE
in	-X-	_	O
it!	-X-	_	O
			
Hi,	-X-	_	O
I	-X-	_	O
am	-X-	_	O
looking	-X-	_	O
for	-X-	_	O
a	-X-	_	O
whey	-X-	_	B-PRODUCT
protein	-X-	_	I-PRODUCT
with	-X-	_	O
not	-X-	_	O
soy,	-X-	_	B-N-ATTRIBUTE
does	-X-	_	O
it	-X-	_	O
even	-X-	_	O
exist?	-X-	_	O
			
I'm	-X-	_	O
looking	-X-	_	O
for	-X-	_	O
a	-X-	_	O
supplement	-X-	_	B-PRODUCT
to	-X-	_	O
help	-X-	_	O
me	-X-	_	O
get	-X-	_	O
back	-X-	_	O
into	-X-	_	O
ketosis	-X-	_	B-ATTRIBUTE
,	-X-	_	O
but	-X-	_	O
not	-X-	_	O
a	-X-	_	O
pill.	-X-	_	B-N-ATTRIBUTE
Something	-X-	_	O
I	-X-	_	O
can	-X-	_	O
mix	-X-	_	O
in	-X-	_	O
my	-X-	_	O
water.	-X-	_	O
			
Looking	-X-	_	O
for	-X-	_	O
a	-X-	_	O
testosterone	-X-	_	B-PRODUCT
supplment	-X-	_	I-PRODUCT
and	-X-	_	O
I	-X-	_	O
have	-X-	_	O
no	-X-	_	O
idea	-X-	_	O
which	-X-	_	O
one	-X-	_	O
to	-X-	_	O
buy	-X-	_	O
			
Hi,	-X-	_	O
I	-X-	_	O
would	-X-	_	O
like	-X-	_	O
to	-X-	_	O
have	-X-	_	O
a	-X-	_	O
protein	-X-	_	B-PRODUCT
powder	-X-	_	I-PRODUCT
without	-X-	_	O
caffeine	-X-	_	B-N-ATTRIBUTE
			
i	-X-	_	O
am	-X-	_	O
looking	-X-	_	O
for	-X-	_	O
a	-X-	_	O
very	-X-	_	O
good	-X-	_	O
fat	-X-	_	B-PRODUCT
burner	-X-	_	I-PRODUCT
thats	-X-	_	O
not	-X-	_	O
too	-X-	_	O
heavy	-X-	_	B-N-ATTRIBUTE
in	-X-	_	I-N-ATTRIBUTE
stimulants.	-X-	_	I-N-ATTRIBUTE
			
I	-X-	_	O
saw	-X-	_	O
a	-X-	_	O
sweater	-X-	_	B-PRODUCT
block	-X-	_	I-PRODUCT
with	-X-	_	O
multi	-X-	_	B-COLOUR
colour	-X-	_	I-COLOUR
yesterday.	-X-	_	O
I	-X-	_	O
wish	-X-	_	O
to	-X-	_	O
order	-X-	_	O
and	-X-	_	O
now	-X-	_	O
can't	-X-	_	O
find..	-X-	_	O
			
I'm	-X-	_	O
looking	-X-	_	O
for	-X-	_	O
a	-X-	_	O
polo	-X-	_	B-PRODUCT
shirt	-X-	_	I-PRODUCT
with	-X-	_	O
no	-X-	_	O
logo	-X-	_	B-N-ATTRIBUTE
on	-X-	_	O
it.	-X-	_	O
			
Hi	-X-	_	O
looking	-X-	_	O
for	-X-	_	O
the	-X-	_	O
toque	-X-	_	B-PRODUCT
and	-X-	_	O
neck	-X-	_	B-PRODUCT
tube	-X-	_	I-PRODUCT
displayed	-X-	_	O
in	-X-	_	O
the	-X-	_	O
woman's	-X-	_	B-ATTRIBUTE
ski	-X-	_	B-PRODUCT
jacket	-X-	_	I-PRODUCT
the	-X-	_	O
jacket	-X-	_	B-PRODUCT
color	-X-	_	O
that	-X-	_	O
is	-X-	_	O
light	-X-	_	B-COLOUR
blue	-X-	_	I-COLOUR
and	-X-	_	O
green	-X-	_	B-COLOUR
,	-X-	_	O
the	-X-	_	O
tuque	-X-	_	B-PRODUCT
and	-X-	_	O
neck	-X-	_	B-PRODUCT
tube	-X-	_	I-PRODUCT
is	-X-	_	O
a	-X-	_	O
dusty	-X-	_	B-COLOUR
pink	-X-	_	I-COLOUR
sort	-X-	_	O
of	-X-	_	O
color,	-X-	_	O
I	-X-	_	O
can't	-X-	_	O
find	-X-	_	O
it	-X-	_	O
anywhere	-X-	_	O
on	-X-	_	O
sight	-X-	_	O
i	-X-	_	O
see	-X-	_	O
simiar	-X-	_	O
items	-X-	_	O
but	-X-	_	O
want	-X-	_	O
a	-X-	_	O
matching	-X-	_	O
set	-X-	_	O
			
I	-X-	_	O
am	-X-	_	O
looking	-X-	_	O
for	-X-	_	O
a	-X-	_	O
bomber	-X-	_	B-ATTRIBUTE
style	-X-	_	I-ATTRIBUTE
jacket	-X-	_	B-PRODUCT
2	-X-	_	B-SIZE
XS	-X-	_	I-SIZE
no	-X-	_	O
hoody	-X-	_	B-N-ATTRIBUTE
,	-X-	_	O
and	-X-	_	O
black	-X-	_	B-COLOUR
			
Women's	-X-	_	B-ATTRIBUTE
pyjama	-X-	_	B-PRODUCT
pants	-X-	_	I-PRODUCT
without	-X-	_	O
waistband	-X-	_	B-N-ATTRIBUTE
			
Good	-X-	_	O
morning	-X-	_	O
I	-X-	_	O
am	-X-	_	O
looking	-X-	_	O
for	-X-	_	O
a	-X-	_	O
puffer	-X-	_	B-PRODUCT
vest	-X-	_	I-PRODUCT
three-quarter	-X-	_	B-SIZE
length	-X-	_	I-SIZE
I've	-X-	_	O
seen	-X-	_	O
them	-X-	_	O
On	-X-	_	O
the	-X-	_	O
website	-X-	_	O
but	-X-	_	O
no	-X-	_	O
longer	-X-	_	O
there	-X-	_	O
			
Good	-X-	_	O
morning,	-X-	_	O
I	-X-	_	O
would	-X-	_	O
like	-X-	_	O
to	-X-	_	O
buy	-X-	_	O
the	-X-	_	O
product	-X-	_	B-PRODUCT
below,	-X-	_	O
size	-X-	_	B-SIZE
M:	-X-	_	I-SIZE
How	-X-	_	O
can	-X-	_	O
I	-X-	_	O
proceed	-X-	_	O
with	-X-	_	O
this	-X-	_	O
purchase?	-X-	_	O
It	-X-	_	O
doesn't	-X-	_	O
seem	-X-	_	O
to	-X-	_	O
be	-X-	_	O
available	-X-	_	O
at	-X-	_	O
the	-X-	_	O
moment	-X-	_	O
			
Want	-X-	_	O
to	-X-	_	O
order	-X-	_	O
Women's	-X-	_	B-ATTRIBUTE
warm	-X-	_	B-ATTRIBUTE
waterproof	-X-	_	B-ATTRIBUTE
snow	-X-	_	B-PRODUCT
boots	-X-	_	I-PRODUCT
in	-X-	_	O
size	-X-	_	B-SIZE
8	-X-	_	I-SIZE
.	-X-	_	O
Doesn't	-X-	_	O
say	-X-	_	O
out	-X-	_	O
of	-X-	_	O
stock	-X-	_	O
but	-X-	_	O
can't	-X-	_	O
put	-X-	_	O
order	-X-	_	O
in.	-X-	_	O
Please	-X-	_	O
advise.	-X-	_	O
			
Hi,	-X-	_	O
I'm	-X-	_	O
interested	-X-	_	O
in	-X-	_	O
the	-X-	_	O
women's	-X-	_	B-ATTRIBUTE
waterproof	-X-	_	I-ATTRIBUTE
mountain	-X-	_	B-PRODUCT
walking	-X-	_	I-PRODUCT
jacket	-X-	_	I-PRODUCT
in	-X-	_	O
green	-X-	_	B-COLOUR
but	-X-	_	O
the	-X-	_	O
website	-X-	_	O
only	-X-	_	O
gives	-X-	_	O
the	-X-	_	O
option	-X-	_	O
for	-X-	_	O
size	-X-	_	B-N-SIZE
XS	-X-	_	I-N-SIZE
and	-X-	_	O
does	-X-	_	O
not	-X-	_	O
allow	-X-	_	O
to	-X-	_	O
request	-X-	_	O
a	-X-	_	O
notification	-X-	_	O
			
Hi	-X-	_	O
I'm	-X-	_	O
looking	-X-	_	O
to	-X-	_	O
buy	-X-	_	O
this	-X-	_	O
but	-X-	_	O
I	-X-	_	O
cannot	-X-	_	O
find	-X-	_	O
an	-X-	_	O
22	-X-	_	B-SIZE
mm	-X-	_	I-SIZE
nozzle	-X-	_	B-PRODUCT
pump	-X-	_	I-PRODUCT
anywhere,	-X-	_	O
do	-X-	_	O
you	-X-	_	O
have	-X-	_	O
one	-X-	_	O
on	-X-	_	O
your	-X-	_	O
site	-X-	_	O
or	-X-	_	O
know	-X-	_	O
where	-X-	_	O
I	-X-	_	O
can	-X-	_	O
get	-X-	_	O
one?	-X-	_	O
Thanks	-X-	_	O
			
Pool	-X-	_	B-PRODUCT
cue	-X-	_	I-PRODUCT
cases	-X-	_	I-PRODUCT
not	-X-	_	O
pool	-X-	_	B-N-PRODUCT
cues	-X-	_	I-N-PRODUCT
			
Looking	-X-	_	O
to	-X-	_	O
buy	-X-	_	O
hiking	-X-	_	B-PRODUCT
trousers	-X-	_	I-PRODUCT
but	-X-	_	O
don't	-X-	_	O
understand	-X-	_	O
sizes.	-X-	_	O
I	-X-	_	O
am	-X-	_	O
38in	-X-	_	B-SIZE
waist	-X-	_	I-SIZE
and	-X-	_	O
29in	-X-	_	B-SIZE
leg.	-X-	_	I-SIZE
Looking	-X-	_	O
to	-X-	_	O
buy	-X-	_	O
trekking	-X-	_	B-PRODUCT
trousers	-X-	_	I-PRODUCT
what	-X-	_	O
size	-X-	_	O
do	-X-	_	O
I	-X-	_	O
need	-X-	_	O
			
is	-X-	_	O
it	-X-	_	O
possible	-X-	_	O
to	-X-	_	O
order	-X-	_	O
a	-X-	_	O
bathroom	-X-	_	B-PRODUCT
vanity	-X-	_	I-PRODUCT
without	-X-	_	O
the	-X-	_	O
countertop?	-X-	_	B-N-ATTRIBUTE
			
I'm	-X-	_	O
looking	-X-	_	O
for	-X-	_	O
a	-X-	_	O
shower	-X-	_	B-PRODUCT
unit	-X-	_	I-PRODUCT
including	-X-	_	O
walls	-X-	_	B-ATTRIBUTE
bae	-X-	_	I-ATTRIBUTE
and	-X-	_	O
glass	-X-	_	B-MATERIAL
enclosure	-X-	_	O
but	-X-	_	O
the	-X-	_	O
whole	-X-	_	O
unit	-X-	_	O
cannot	-X-	_	O
be	-X-	_	O
higher	-X-	_	B-SIZE
than	-X-	_	O
75	-X-	_	B-N-SIZE
inches	-X-	_	I-N-SIZE
			
Hi	-X-	_	O
i	-X-	_	O
need	-X-	_	O
a	-X-	_	O
10"	-X-	_	B-SIZE
rough	-X-	_	O
in	-X-	_	O
toilet	-X-	_	B-PRODUCT
asap,	-X-	_	O
i'm	-X-	_	O
not	-X-	_	O
sure	-X-	_	O
if	-X-	_	O
you	-X-	_	O
have	-X-	_	O
it	-X-	_	O
in	-X-	_	O
stock.	-X-	_	O
I	-X-	_	O
don't	-X-	_	O
want	-X-	_	O
the	-X-	_	O
screw	-X-	_	B-N-ATTRIBUTE
less	-X-	_	I-N-ATTRIBUTE
			
Can	-X-	_	O
the	-X-	_	O
shower	-X-	_	B-PRODUCT
be	-X-	_	O
sold	-X-	_	O
without	-X-	_	O
the	-X-	_	O
walls?	-X-	_	B-N-ATTRIBUTE
			
You	-X-	_	O
don't	-X-	_	O
sell	-X-	_	O
any	-X-	_	O
72"	-X-	_	B-SIZE
wide	-X-	_	I-SIZE
vanities?	-X-	_	B-PRODUCT
			
looking	-X-	_	O
for	-X-	_	O
shower	-X-	_	B-PRODUCT
system	-X-	_	I-PRODUCT
with	-X-	_	O
tub	-X-	_	B-ATTRIBUTE
faucet	-X-	_	I-ATTRIBUTE
altough	-X-	_	O
no	-X-	_	O
tub	-X-	_	B-N-PRODUCT
			
Looking	-X-	_	O
for	-X-	_	O
a	-X-	_	O
bathroom	-X-	_	B-PRODUCT
vanity	-X-	_	I-PRODUCT
&	-X-	_	O
sink	-X-	_	B-PRODUCT
no	-X-	_	O
more	-X-	_	O
than	-X-	_	O
16"	-X-	_	B-N-SIZE
deep	-X-	_	I-N-SIZE
			
looking	-X-	_	O
for	-X-	_	O
48	-X-	_	B-SIZE
inches	-X-	_	I-SIZE
floor	-X-	_	B-PRODUCT
cabinet	-X-	_	I-PRODUCT
single	-X-	_	I-PRODUCT
sink,	-X-	_	I-PRODUCT
but	-X-	_	O
no	-X-	_	O
couter	-X-	_	B-N-ATTRIBUTE
top	-X-	_	I-N-ATTRIBUTE
			
Can	-X-	_	O
I	-X-	_	O
purchase	-X-	_	O
shower	-X-	_	B-PRODUCT
doors	-X-	_	I-PRODUCT
and	-X-	_	O
not	-X-	_	O
the	-X-	_	O
entire	-X-	_	B-N-PRODUCT
shower	-X-	_	I-N-PRODUCT
kit?	-X-	_	I-N-PRODUCT
			
Medicine	-X-	_	B-PRODUCT
cabinets	-X-	_	I-PRODUCT
with	-X-	_	O
no	-X-	_	O
mirror	-X-	_	B-N-ATTRIBUTE
			
I'm	-X-	_	O
looking	-X-	_	O
for	-X-	_	O
a	-X-	_	O
55	-X-	_	B-SIZE
inch	-X-	_	I-SIZE
vanity	-X-	_	B-PRODUCT
top,	-X-	_	I-PRODUCT
which	-X-	_	O
is	-X-	_	O
not	-X-	_	O
a	-X-	_	O
regular	-X-	_	B-N-SIZE
size.	-X-	_	I-N-SIZE
Is	-X-	_	O
there	-X-	_	O
a	-X-	_	O
way	-X-	_	O
to	-X-	_	O
have	-X-	_	O
this	-X-	_	O
size?	-X-	_	O
			
I	-X-	_	O
need	-X-	_	O
a	-X-	_	O
42"	-X-	_	B-SIZE
kitchen	-X-	_	B-PRODUCT
island.	-X-	_	I-PRODUCT
Do	-X-	_	O
you	-X-	_	O
have	-X-	_	O
any?	-X-	_	O
I	-X-	_	O
can't	-X-	_	O
find	-X-	_	O
them	-X-	_	O
on	-X-	_	O
the	-X-	_	O
website.	-X-	_	O
			
I	-X-	_	O
am	-X-	_	O
looking	-X-	_	O
for	-X-	_	O
a	-X-	_	O
black	-X-	_	B-COLOUR
glass	-X-	_	B-MATERIAL
shower	-X-	_	B-PRODUCT
tile.	-X-	_	I-PRODUCT
It	-X-	_	O
does	-X-	_	O
not	-X-	_	O
need	-X-	_	O
to	-X-	_	O
be	-X-	_	O
a	-X-	_	O
solid	-X-	_	B-N-COLOUR
black,	-X-	_	I-N-COLOUR
can	-X-	_	O
have	-X-	_	O
accents	-X-	_	O
of	-X-	_	O
clear	-X-	_	B-COLOUR
or	-X-	_	O
silver	-X-	_	B-COLOUR
glass	-X-	_	I-COLOUR
tones	-X-	_	I-COLOUR
			
Medicine	-X-	_	B-PRODUCT
cabinet	-X-	_	I-PRODUCT
with	-X-	_	O
mirror	-X-	_	B-ATTRIBUTE
and	-X-	_	O
no	-X-	_	O
lights	-X-	_	B-N-ATTRIBUTE
			
We	-X-	_	O
are	-X-	_	O
looking	-X-	_	O
for	-X-	_	O
a	-X-	_	O
72	-X-	_	B-SIZE
inch	-X-	_	I-SIZE
soaker	-X-	_	B-PRODUCT
tub,	-X-	_	I-PRODUCT
no	-X-	_	O
jets.	-X-	_	B-N-ATTRIBUTE
			
can	-X-	_	O
I	-X-	_	O
order	-X-	_	O
just	-X-	_	O
the	-X-	_	O
top	-X-	_	B-PRODUCT
and	-X-	_	O
not	-X-	_	O
the	-X-	_	O
cabinet?	-X-	_	B-N-PRODUCT
			
barbeque	-X-	_	B-PRODUCT
without	-X-	_	O
charcoal	-X-	_	B-N-ATTRIBUTE
			
Hi	-X-	_	O
there,	-X-	_	O
I'm	-X-	_	O
interested	-X-	_	O
in	-X-	_	O
a	-X-	_	O
vanity.	-X-	_	B-PRODUCT
Am	-X-	_	O
I	-X-	_	O
able	-X-	_	O
to	-X-	_	O
purchase	-X-	_	O
without	-X-	_	O
the	-X-	_	O
sink	-X-	_	B-N-ATTRIBUTE
top?	-X-	_	I-N-ATTRIBUTE
			
Can	-X-	_	O
I	-X-	_	O
order	-X-	_	O
this	-X-	_	O
vessel	-X-	_	B-PRODUCT
sink	-X-	_	I-PRODUCT
without	-X-	_	O
the	-X-	_	O
attached	-X-	_	B-N-ATTRIBUTE
faucet	-X-	_	I-N-ATTRIBUTE
?	-X-	_	O
			
I'm	-X-	_	O
looking	-X-	_	O
for	-X-	_	O
a	-X-	_	O
30"	-X-	_	B-SIZE
cabinet	-X-	_	B-PRODUCT
with	-X-	_	O
no	-X-	_	O
top	-X-	_	B-N-ATTRIBUTE
			
Looking	-X-	_	O
for	-X-	_	O
vanity	-X-	_	B-PRODUCT
but	-X-	_	O
sink	-X-	_	B-N-ATTRIBUTE
must	-X-	_	I-N-ATTRIBUTE
have	-X-	_	I-N-ATTRIBUTE
no	-X-	_	I-N-ATTRIBUTE
holes.	-X-	_	I-N-ATTRIBUTE
Faucet	-X-	_	B-ATTRIBUTE
in	-X-	_	I-ATTRIBUTE
on	-X-	_	I-ATTRIBUTE
wall	-X-	_	I-ATTRIBUTE
already	-X-	_	O
			
Hi.	-X-	_	O
I'm	-X-	_	O
looking	-X-	_	O
for	-X-	_	O
36"	-X-	_	B-SIZE
vanity	-X-	_	B-PRODUCT
wall	-X-	_	B-ATTRIBUTE
mounted	-X-	_	I-ATTRIBUTE
black	-X-	_	B-COLOUR
or	-X-	_	O
white.	-X-	_	B-COLOUR
With	-X-	_	O
towel	-X-	_	B-ATTRIBUTE
storage	-X-	_	I-ATTRIBUTE
but	-X-	_	O
no	-X-	_	O
sinc	-X-	_	B-N-ATTRIBUTE
			
I	-X-	_	O
want	-X-	_	O
just	-X-	_	O
this	-X-	_	O
cabinet	-X-	_	B-PRODUCT
without	-X-	_	O
the	-X-	_	O
top	-X-	_	B-N-ATTRIBUTE
as	-X-	_	O
i	-X-	_	O
want	-X-	_	O
top	-X-	_	B-PRODUCT
mounted	-X-	_	I-PRODUCT
basins	-X-	_	I-PRODUCT
on	-X-	_	O
a	-X-	_	O
surface	-X-	_	O
matching	-X-	_	O
my	-X-	_	O
kitchen	-X-	_	O
			
Looking	-X-	_	O
for	-X-	_	O
a	-X-	_	O
pivot	-X-	_	B-PRODUCT
shower	-X-	_	I-PRODUCT
door	-X-	_	I-PRODUCT
in	-X-	_	O
black	-X-	_	B-COLOUR
to	-X-	_	O
fit	-X-	_	O
a	-X-	_	O
33	-X-	_	B-SIZE
inch	-X-	_	I-SIZE
opening	-X-	_	O
preferably	-X-	_	O
but	-X-	_	O
not	-X-	_	O
necessarily.	-X-	_	O
			
bathtub	-X-	_	B-PRODUCT
without	-X-	_	O
faucet?	-X-	_	B-N-ATTRIBUTE
			
Can	-X-	_	O
you	-X-	_	O
order	-X-	_	O
the	-X-	_	O
59"	-X-	_	B-SIZE
bathrub	-X-	_	B-PRODUCT
without	-X-	_	O
the	-X-	_	O
faucet?	-X-	_	B-N-ATTRIBUTE
			
I	-X-	_	O
want	-X-	_	O
Grey	-X-	_	B-COLOUR
toilet	-X-	_	B-PRODUCT
not	-X-	_	O
assessceries	-X-	_	B-N-PRODUCT
			
I	-X-	_	O
cannot	-X-	_	O
seem	-X-	_	O
to	-X-	_	O
sort	-X-	_	O
by	-X-	_	O
colour.	-X-	_	O
I	-X-	_	O
am	-X-	_	O
looking	-X-	_	O
for	-X-	_	O
a	-X-	_	O
cream	-X-	_	B-COLOUR
38"	-X-	_	B-SIZE
corner	-X-	_	B-PRODUCT
shower	-X-	_	I-PRODUCT
stall	-X-	_	I-PRODUCT
			
do	-X-	_	O
you	-X-	_	O
have	-X-	_	O
60	-X-	_	B-SIZE
Inch	-X-	_	I-SIZE
kitchen	-X-	_	B-PRODUCT
island	-X-	_	I-PRODUCT
with	-X-	_	O
quartz	-X-	_	B-MATERIAL
top	-X-	_	B-ATTRIBUTE
with	-X-	_	O
no	-X-	_	O
seatings	-X-	_	B-N-ATTRIBUTE
			
Frameless	-X-	_	B-N-ATTRIBUTE
beveled	-X-	_	B-ATTRIBUTE
mirror	-X-	_	B-PRODUCT
no	-X-	_	O
more	-X-	_	O
than	-X-	_	O
29"x29"	-X-	_	B-SIZE
			
Bath	-X-	_	B-PRODUCT
tub	-X-	_	I-PRODUCT
without	-X-	_	O
texture	-X-	_	B-N-TEXTURE
			
Looking	-X-	_	O
for	-X-	_	O
a	-X-	_	O
bathroom	-X-	_	B-PRODUCT
cabinet	-X-	_	I-PRODUCT
without	-X-	_	O
top	-X-	_	B-N-ATTRIBUTE
60	-X-	_	B-SIZE
inches	-X-	_	I-SIZE
			
Looking	-X-	_	O
for	-X-	_	O
a	-X-	_	O
medicine	-X-	_	B-PRODUCT
cabinet	-X-	_	I-PRODUCT
with	-X-	_	O
mirror	-X-	_	B-ATTRIBUTE
front	-X-	_	O
not	-X-	_	O
Recessed	-X-	_	O
that	-X-	_	O
would	-X-	_	O
fit	-X-	_	O
50	-X-	_	B-SIZE
inch	-X-	_	I-SIZE
wide	-X-	_	I-SIZE
39	-X-	_	B-SIZE
inch	-X-	_	I-SIZE
tall	-X-	_	I-SIZE
the	-X-	_	O
best	-X-	_	O
			
I	-X-	_	O
need	-X-	_	O
a	-X-	_	O
60"	-X-	_	B-SIZE
vanity	-X-	_	B-PRODUCT
with	-X-	_	O
a	-X-	_	O
sink	-X-	_	B-ATTRIBUTE
that's	-X-	_	O
offset	-X-	_	B-ATTRIBUTE
to	-X-	_	I-ATTRIBUTE
the	-X-	_	I-ATTRIBUTE
right	-X-	_	I-ATTRIBUTE
-	-X-	_	O
not	-X-	_	O
centred	-X-	_	B-N-ATTRIBUTE
			
I	-X-	_	O
am	-X-	_	O
looking	-X-	_	O
for	-X-	_	O
a	-X-	_	O
37	-X-	_	B-SIZE
inch	-X-	_	I-SIZE
bathroom	-X-	_	B-PRODUCT
cabinet	-X-	_	I-PRODUCT
without	-X-	_	O
a	-X-	_	O
top	-X-	_	B-N-ATTRIBUTE
or	-X-	_	O
sink	-X-	_	B-N-ATTRIBUTE
because	-X-	_	O
I	-X-	_	O
have	-X-	_	O
one.	-X-	_	O
Do	-X-	_	O
you	-X-	_	O
have	-X-	_	O
anything	-X-	_	O
in	-X-	_	O
stock?	-X-	_	O
			
I'm	-X-	_	O
looking	-X-	_	O
for	-X-	_	O
a	-X-	_	O
mirror	-X-	_	B-PRODUCT
without	-X-	_	O
a	-X-	_	O
fram	-X-	_	B-N-ATTRIBUTE
40	-X-	_	B-SIZE
inches	-X-	_	I-SIZE
x	-X-	_	O
60	-X-	_	B-SIZE
inches	-X-	_	I-SIZE
			
I	-X-	_	O
am	-X-	_	O
looking	-X-	_	O
for	-X-	_	O
a	-X-	_	O
kitchen	-X-	_	B-PRODUCT
faucet	-X-	_	I-PRODUCT
in	-X-	_	O
Stainless	-X-	_	B-MATERIAL
Steel.	-X-	_	I-MATERIAL
Do	-X-	_	O
you	-X-	_	O
have	-X-	_	O
in	-X-	_	O
stock	-X-	_	O
na	-X-	_	O
did	-X-	_	O
not	-X-	_	O
what	-X-	_	O
would	-X-	_	O
be	-X-	_	O
turn	-X-	_	O
around	-X-	_	O
time	-X-	_	O
and	-X-	_	O
pricing.	-X-	_	O
Thanks	-X-	_	O
			
Hi	-X-	_	O
looking	-X-	_	O
for	-X-	_	O
a	-X-	_	O
24	-X-	_	B-SIZE
inch	-X-	_	I-SIZE
vanity	-X-	_	B-PRODUCT
top	-X-	_	I-PRODUCT
and	-X-	_	I-PRODUCT
sink,	-X-	_	I-PRODUCT
no	-X-	_	O
base	-X-	_	B-N-ATTRIBUTE
			
Bathroom	-X-	_	B-PRODUCT
vanities	-X-	_	I-PRODUCT
no	-X-	_	O
countertop	-X-	_	B-N-ATTRIBUTE
			
I	-X-	_	O
don't	-X-	_	O
want	-X-	_	O
double	-X-	_	B-N-ATTRIBUTE
sink,	-X-	_	B-N-PRODUCT
I	-X-	_	O
want	-X-	_	O
a	-X-	_	O
rectangle	-X-	_	B-SHAPE
sink	-X-	_	B-PRODUCT
			
Looking	-X-	_	O
for	-X-	_	O
a	-X-	_	O
30	-X-	_	B-SIZE
inch	-X-	_	I-SIZE
bathroom	-X-	_	B-PRODUCT
vanity	-X-	_	I-PRODUCT
not	-X-	_	O
55"	-X-	_	B-N-SIZE
			
I	-X-	_	O
am	-X-	_	O
looking	-X-	_	O
for	-X-	_	O
a	-X-	_	O
30	-X-	_	B-SIZE
inch	-X-	_	I-SIZE
bathroom	-X-	_	B-PRODUCT
shelf	-X-	_	I-PRODUCT
not	-X-	_	O
wall	-X-	_	B-N-ATTRIBUTE
mounted	-X-	_	I-N-ATTRIBUTE
			
Wall	-X-	_	B-ATTRIBUTE
mount	-X-	_	I-ATTRIBUTE
rectangular	-X-	_	B-SHAPE
sink	-X-	_	B-PRODUCT
without	-X-	_	O
a	-X-	_	O
faucet	-X-	_	B-N-ATTRIBUTE
hole	-X-	_	I-N-ATTRIBUTE
			
Grey	-X-	_	B-COLOUR
toilet	-X-	_	B-PRODUCT
not	-X-	_	O
toilet	-X-	_	B-N-PRODUCT
brush	-X-	_	I-N-PRODUCT
			
Good	-X-	_	O
morning.	-X-	_	O
We	-X-	_	O
are	-X-	_	O
looking	-X-	_	O
for	-X-	_	O
chrome	-X-	_	B-MATERIAL
shower	-X-	_	B-PRODUCT
head	-X-	_	I-PRODUCT
with	-X-	_	O
high	-X-	_	B-ATTRIBUTE
pressure	-X-	_	I-ATTRIBUTE
-	-X-	_	O
simple	-X-	_	O
no	-X-	_	O
bells	-X-	_	O
and	-X-	_	O
whistles	-X-	_	O
just	-X-	_	O
good	-X-	_	B-ATTRIBUTE
pressure	-X-	_	I-ATTRIBUTE
			
can	-X-	_	O
you	-X-	_	O
help	-X-	_	O
me	-X-	_	O
find	-X-	_	O
a	-X-	_	O
pharmacy	-X-	_	B-PRODUCT
without	-X-	_	O
a	-X-	_	O
mirror	-X-	_	B-N-ATTRIBUTE
18-20"	-X-	_	B-SIZE
wide?	-X-	_	I-SIZE
			
Looking	-X-	_	O
for	-X-	_	O
a	-X-	_	O
double	-X-	_	B-PRODUCT
sink	-X-	_	I-PRODUCT
in	-X-	_	O
black	-X-	_	B-COLOUR
that	-X-	_	O
is	-X-	_	O
no	-X-	_	O
more	-X-	_	O
than	-X-	_	O
23"	-X-	_	B-SIZE
wide.	-X-	_	I-SIZE
Does	-X-	_	O
this	-X-	_	O
exist?	-X-	_	O
			
I	-X-	_	O
am	-X-	_	O
looking	-X-	_	O
for	-X-	_	O
a	-X-	_	O
toilet	-X-	_	B-PRODUCT
seat	-X-	_	I-PRODUCT
without	-X-	_	O
undermounted	-X-	_	B-N-ATTRIBUTE
hinges	-X-	_	I-N-ATTRIBUTE
for	-X-	_	O
a	-X-	_	O
one	-X-	_	B-ATTRIBUTE
piece	-X-	_	I-ATTRIBUTE
toilet	-X-	_	I-ATTRIBUTE
			
Do	-X-	_	O
you	-X-	_	O
have	-X-	_	O
mirror	-X-	_	B-PRODUCT
medicine	-X-	_	I-PRODUCT
cabinet	-X-	_	I-PRODUCT
without	-X-	_	O
led	-X-	_	B-N-ATTRIBUTE
			
Do	-X-	_	O
you	-X-	_	O
have	-X-	_	O
shower	-X-	_	B-PRODUCT
panels	-X-	_	I-PRODUCT
that	-X-	_	O
aren't	-X-	_	O
see	-X-	_	B-N-ATTRIBUTE
through?	-X-	_	I-N-ATTRIBUTE
Like	-X-	_	O
frosted	-X-	_	B-MATERIAL
glass	-X-	_	I-MATERIAL
			
I	-X-	_	O
don't	-X-	_	O
need	-X-	_	O
a	-X-	_	O
vanity	-X-	_	B-N-PRODUCT
just	-X-	_	O
the	-X-	_	O
quartz	-X-	_	B-MATERIAL
top	-X-	_	B-PRODUCT
with	-X-	_	O
built	-X-	_	B-ATTRIBUTE
in	-X-	_	I-ATTRIBUTE
sink	-X-	_	I-ATTRIBUTE
			
Hi,	-X-	_	O
I	-X-	_	O
was	-X-	_	O
looking	-X-	_	O
a	-X-	_	O
free	-X-	_	B-ATTRIBUTE
standing	-X-	_	I-ATTRIBUTE
tub	-X-	_	B-PRODUCT
yesterday	-X-	_	O
for	-X-	_	O
$650	-X-	_	B-PRICE
,	-X-	_	O
it	-X-	_	O
was	-X-	_	O
on	-X-	_	O
for	-X-	_	O
50%	-X-	_	O
off.	-X-	_	O
I	-X-	_	O
don't	-X-	_	O
see	-X-	_	O
it	-X-	_	O
now,	-X-	_	O
is	-X-	_	O
it	-X-	_	O
still	-X-	_	O
on	-X-	_	O
sale	-X-	_	O
?	-X-	_	O
			
Looking	-X-	_	O
for	-X-	_	O
a	-X-	_	O
large	-X-	_	B-SIZE
free	-X-	_	B-ATTRIBUTE
standing	-X-	_	I-ATTRIBUTE
tub...	-X-	_	B-PRODUCT
not	-X-	_	O
acrylic	-X-	_	B-N-MATERIAL
or	-X-	_	O
fiberglass	-X-	_	B-N-MATERIAL
			
i	-X-	_	O
don't	-X-	_	O
want	-X-	_	O
a	-X-	_	O
complete	-X-	_	O
vanity	-X-	_	B-N-PRODUCT
just	-X-	_	O
the	-X-	_	O
top	-X-	_	B-PRODUCT
			
Hi	-X-	_	O
..	-X-	_	O
never	-X-	_	O
been	-X-	_	O
to	-X-	_	O
your	-X-	_	O
store	-X-	_	O
,looking	-X-	_	O
for	-X-	_	O
vinyl	-X-	_	B-MATERIAL
wardrobes	-X-	_	B-PRODUCT
do	-X-	_	O
not	-X-	_	O
know	-X-	_	O
if	-X-	_	O
you	-X-	_	O
carry	-X-	_	O
those	-X-	_	O
..	-X-	_	O
thanks	-X-	_	O
			
Thank	-X-	_	O
you	-X-	_	O
very	-X-	_	O
much	-X-	_	O
I'm	-X-	_	O
looking	-X-	_	O
for	-X-	_	O
a	-X-	_	O
shower	-X-	_	B-PRODUCT
stall	-X-	_	I-PRODUCT
kit	-X-	_	I-PRODUCT
that	-X-	_	O
is	-X-	_	O
not	-X-	_	O
priced	-X-	_	B-N-PRICE
to	-X-	_	I-N-PRICE
high	-X-	_	I-N-PRICE
it's	-X-	_	O
for	-X-	_	O
a	-X-	_	O
basement	-X-	_	O
			
t-shirt	-X-	_	B-PRODUCT
without	-X-	_	O
logo	-X-	_	B-N-ATTRIBUTE
			
Shower	-X-	_	B-PRODUCT
door	-X-	_	I-PRODUCT
no	-X-	_	O
side	-X-	_	B-N-ATTRIBUTE
panels	-X-	_	I-N-ATTRIBUTE
			
I	-X-	_	O
am	-X-	_	O
looking	-X-	_	O
for	-X-	_	O
a	-X-	_	O
heated	-X-	_	B-ATTRIBUTE
air	-X-	_	I-ATTRIBUTE
and	-X-	_	O
water	-X-	_	B-ATTRIBUTE
jetted	-X-	_	I-ATTRIBUTE
tub.	-X-	_	B-PRODUCT
			
bathub	-X-	_	B-PRODUCT
with	-X-	_	O
jets	-X-	_	B-ATTRIBUTE
			
Hello,	-X-	_	O
what	-X-	_	O
is	-X-	_	O
the	-X-	_	O
biggest	-X-	_	B-SIZE
blade	-X-	_	B-ATTRIBUTE
on	-X-	_	O
a	-X-	_	O
shower	-X-	_	B-PRODUCT
squeegee	-X-	_	I-PRODUCT
that	-X-	_	O
you	-X-	_	O
carry??	-X-	_	O
			
looking	-X-	_	O
for	-X-	_	O
a	-X-	_	O
bathtub	-X-	_	B-PRODUCT
left	-X-	_	B-ATTRIBUTE
hand	-X-	_	I-ATTRIBUTE
drain	-X-	_	I-ATTRIBUTE
but	-X-	_	O
square	-X-	_	B-SHAPE
not	-X-	_	O
oval	-X-	_	B-N-SHAPE
			
Do	-X-	_	O
you	-X-	_	O
sell	-X-	_	O
a	-X-	_	O
tub	-X-	_	B-PRODUCT
shower	-X-	_	I-PRODUCT
faucet	-X-	_	I-PRODUCT
set	-X-	_	I-PRODUCT
that	-X-	_	O
does	-X-	_	O
not	-X-	_	O
have	-X-	_	O
the	-X-	_	O
anti	-X-	_	B-N-ATTRIBUTE
scald	-X-	_	I-N-ATTRIBUTE
feature?	-X-	_	I-N-ATTRIBUTE
			
What	-X-	_	O
rectangular	-X-	_	B-SHAPE
shower	-X-	_	B-PRODUCT
units	-X-	_	I-PRODUCT
are	-X-	_	O
available?	-X-	_	O
			
I	-X-	_	O
am	-X-	_	O
looking	-X-	_	O
for	-X-	_	O
a	-X-	_	O
35	-X-	_	B-SIZE
inch	-X-	_	I-SIZE
bathroom	-X-	_	B-PRODUCT
sink	-X-	_	I-PRODUCT
countertop	-X-	_	I-PRODUCT
with	-X-	_	O
sink	-X-	_	B-ATTRIBUTE
			
I'm	-X-	_	O
looking	-X-	_	O
f	-X-	_	O
or	-X-	_	O
a	-X-	_	O
Black	-X-	_	B-COLOUR
Matte	-X-	_	B-TEXTURE
bathtub	-X-	_	B-PRODUCT
double	-X-	_	I-PRODUCT
sliding	-X-	_	I-PRODUCT
door	-X-	_	I-PRODUCT
			
Need	-X-	_	O
a	-X-	_	O
27	-X-	_	B-SIZE
inch	-X-	_	I-SIZE
frameless	-X-	_	B-N-ATTRIBUTE
shower	-X-	_	B-PRODUCT
door	-X-	_	I-PRODUCT
			
Looking	-X-	_	O
for	-X-	_	O
30	-X-	_	B-SIZE
inch	-X-	_	I-SIZE
white	-X-	_	B-COLOUR
desk	-X-	_	B-PRODUCT
set	-X-	_	I-PRODUCT